<?xml version="1.0" encoding="UTF-8"?>
<project-private xmlns="http://www.netbeans.org/ns/project-private/1">
    <editor-bookmarks xmlns="http://www.netbeans.org/ns/editor-bookmarks/2" lastBookmarkId="0"/>
    <open-files xmlns="http://www.netbeans.org/ns/projectui-open-files/2">
        <group>
            <file>file:/Users/DJ/NetBeansProjects/HW2/src/hw2/GrammarReader.java</file>
            <file>file:/Users/DJ/NetBeansProjects/HW2/src/hw2/Rule.java</file>
            <file>file:/Users/DJ/NetBeansProjects/HW2/src/hw2/IntermediateSentence.java</file>
            <file>file:/Users/DJ/NetBeansProjects/HW2/src/hw2/RandomNumberGenerator.java</file>
            <file>file:/Users/DJ/NetBeansProjects/HW2/src/hw2/SentenceBuilder.java</file>
            <file>file:/Users/DJ/NetBeansProjects/HW2/src/hw2/ContextFreeLanguage.java</file>
            <file>file:/Users/DJ/NetBeansProjects/HW2/src/hw2/HW2.java</file>
        </group>
    </open-files>
</project-private>
